index,Country,Date,AvgTemperature
63037,Sri Lanka,2017-01-01,81.0
63038,Sri Lanka,2017-01-02,80.8
63039,Sri Lanka,2017-01-03,80.7
63040,Sri Lanka,2017-01-04,77.4
63041,Sri Lanka,2017-01-05,76.4
63042,Sri Lanka,2017-01-06,78.5
63043,Sri Lanka,2017-01-07,78.3
63044,Sri Lanka,2017-01-08,77.9
63045,Sri Lanka,2017-01-09,76.8
63046,Sri Lanka,2017-01-10,77.1
63047,Sri Lanka,2017-01-11,77.4
63048,Sri Lanka,2017-01-12,75.9
63049,Sri Lanka,2017-01-13,79.3
63050,Sri Lanka,2017-01-14,78.6
63051,Sri Lanka,2017-01-15,81.4
63052,Sri Lanka,2017-01-16,79.7
63053,Sri Lanka,2017-01-17,79.3
63054,Sri Lanka,2017-01-18,80.0
63055,Sri Lanka,2017-01-19,80.8
63056,Sri Lanka,2017-01-20,78.9
63057,Sri Lanka,2017-01-21,80.4
63058,Sri Lanka,2017-01-22,80.6
63059,Sri Lanka,2017-01-23,78.6
63060,Sri Lanka,2017-01-24,77.0
63061,Sri Lanka,2017-01-25,80.1
63062,Sri Lanka,2017-01-26,81.4
63063,Sri Lanka,2017-01-27,76.6
63064,Sri Lanka,2017-01-28,79.8
63065,Sri Lanka,2017-01-29,81.3
63066,Sri Lanka,2017-01-30,80.7
63067,Sri Lanka,2017-01-31,80.1
63068,Sri Lanka,2017-02-01,79.0
63069,Sri Lanka,2017-02-02,79.3
63070,Sri Lanka,2017-02-03,79.6
63071,Sri Lanka,2017-02-04,78.9
63072,Sri Lanka,2017-02-05,79.0
63073,Sri Lanka,2017-02-06,78.4
63074,Sri Lanka,2017-02-07,77.6
63075,Sri Lanka,2017-02-08,78.0
63076,Sri Lanka,2017-02-09,78.2
63077,Sri Lanka,2017-02-10,79.5
63078,Sri Lanka,2017-02-11,78.9
63079,Sri Lanka,2017-02-12,80.4
63080,Sri Lanka,2017-02-13,82.4
63081,Sri Lanka,2017-02-14,82.1
63082,Sri Lanka,2017-02-15,82.7
63083,Sri Lanka,2017-02-16,83.4
63084,Sri Lanka,2017-02-17,82.8
63085,Sri Lanka,2017-02-18,83.4
63086,Sri Lanka,2017-02-19,80.5
63087,Sri Lanka,2017-02-20,80.7
63088,Sri Lanka,2017-02-21,81.2
63089,Sri Lanka,2017-02-22,81.0
63090,Sri Lanka,2017-02-23,82.7
63091,Sri Lanka,2017-02-24,82.0
63092,Sri Lanka,2017-02-25,80.2
63093,Sri Lanka,2017-02-26,79.6
63094,Sri Lanka,2017-02-27,81.2
63095,Sri Lanka,2017-02-28,79.6
63096,Sri Lanka,2017-03-01,79.1
63097,Sri Lanka,2017-03-02,80.4
63098,Sri Lanka,2017-03-03,80.8
63099,Sri Lanka,2017-03-04,81.4
63100,Sri Lanka,2017-03-05,83.3
63101,Sri Lanka,2017-03-06,83.7
63102,Sri Lanka,2017-03-07,82.8
63103,Sri Lanka,2017-03-08,81.6
63104,Sri Lanka,2017-03-09,82.1
63105,Sri Lanka,2017-03-10,79.1
63106,Sri Lanka,2017-03-11,79.6
63107,Sri Lanka,2017-03-12,81.9
63108,Sri Lanka,2017-03-13,80.6
63109,Sri Lanka,2017-03-14,81.0
63110,Sri Lanka,2017-03-15,78.8
63111,Sri Lanka,2017-03-16,79.7
63112,Sri Lanka,2017-03-17,81.8
63113,Sri Lanka,2017-03-18,82.9
63114,Sri Lanka,2017-03-19,83.3
63115,Sri Lanka,2017-03-20,82.6
63116,Sri Lanka,2017-03-21,83.6
63117,Sri Lanka,2017-03-22,82.8
63118,Sri Lanka,2017-03-23,82.8
63119,Sri Lanka,2017-03-24,82.9
63120,Sri Lanka,2017-03-25,82.3
63121,Sri Lanka,2017-03-26,82.1
63122,Sri Lanka,2017-03-27,82.5
63123,Sri Lanka,2017-03-28,81.9
63124,Sri Lanka,2017-03-29,81.3
63125,Sri Lanka,2017-03-30,82.5
63126,Sri Lanka,2017-03-31,83.1
63127,Sri Lanka,2017-04-01,83.8
63128,Sri Lanka,2017-04-02,83.3
63129,Sri Lanka,2017-04-03,83.5
63130,Sri Lanka,2017-04-04,82.7
63131,Sri Lanka,2017-04-05,85.9
63132,Sri Lanka,2017-04-06,85.5
63133,Sri Lanka,2017-04-07,85.0
63134,Sri Lanka,2017-04-08,84.9
63135,Sri Lanka,2017-04-09,82.7
63136,Sri Lanka,2017-04-10,84.8
63137,Sri Lanka,2017-04-11,82.3
63138,Sri Lanka,2017-04-12,82.0
63139,Sri Lanka,2017-04-13,81.8
63140,Sri Lanka,2017-04-14,84.7
63141,Sri Lanka,2017-04-15,85.2
63142,Sri Lanka,2017-04-16,86.6
63143,Sri Lanka,2017-04-17,86.7
63144,Sri Lanka,2017-04-18,86.0
63145,Sri Lanka,2017-04-19,85.6
63146,Sri Lanka,2017-04-20,85.9
63147,Sri Lanka,2017-04-21,86.0
63148,Sri Lanka,2017-04-22,85.9
63149,Sri Lanka,2017-04-23,86.5
63150,Sri Lanka,2017-04-24,86.5
63151,Sri Lanka,2017-04-25,86.3
63152,Sri Lanka,2017-04-26,85.8
63153,Sri Lanka,2017-04-27,85.4
63154,Sri Lanka,2017-04-28,85.3
63155,Sri Lanka,2017-04-29,85.0
63156,Sri Lanka,2017-04-30,85.0
63157,Sri Lanka,2017-05-01,84.8
63158,Sri Lanka,2017-05-02,83.4
63159,Sri Lanka,2017-05-03,84.5
63160,Sri Lanka,2017-05-04,84.1
63161,Sri Lanka,2017-05-05,84.2
63162,Sri Lanka,2017-05-06,81.5
63163,Sri Lanka,2017-05-07,80.6
63164,Sri Lanka,2017-05-08,82.1
63165,Sri Lanka,2017-05-09,85.0
63166,Sri Lanka,2017-05-10,84.5
63167,Sri Lanka,2017-05-11,83.7
63168,Sri Lanka,2017-05-12,84.4
63169,Sri Lanka,2017-05-13,85.4
63170,Sri Lanka,2017-05-14,85.4
63171,Sri Lanka,2017-05-15,86.0
63172,Sri Lanka,2017-05-16,86.5
63173,Sri Lanka,2017-05-17,86.7
63174,Sri Lanka,2017-05-18,83.7
63175,Sri Lanka,2017-05-19,81.3
63176,Sri Lanka,2017-05-20,84.0
63177,Sri Lanka,2017-05-21,83.7
63178,Sri Lanka,2017-05-22,84.6
63179,Sri Lanka,2017-05-23,85.1
63180,Sri Lanka,2017-05-24,81.3
63181,Sri Lanka,2017-05-25,82.7
63182,Sri Lanka,2017-05-26,82.3
63183,Sri Lanka,2017-05-27,84.3
63184,Sri Lanka,2017-05-28,83.8
63185,Sri Lanka,2017-05-29,84.0
63186,Sri Lanka,2017-05-30,82.4
63187,Sri Lanka,2017-05-31,83.0
63188,Sri Lanka,2017-06-01,83.2
63189,Sri Lanka,2017-06-02,81.7
63190,Sri Lanka,2017-06-03,82.4
63191,Sri Lanka,2017-06-04,83.7
63192,Sri Lanka,2017-06-05,83.3
63193,Sri Lanka,2017-06-06,83.6
63194,Sri Lanka,2017-06-07,82.7
63195,Sri Lanka,2017-06-08,84.0
63196,Sri Lanka,2017-06-09,83.5
63197,Sri Lanka,2017-06-10,82.6
63198,Sri Lanka,2017-06-11,81.7
63199,Sri Lanka,2017-06-12,82.9
63200,Sri Lanka,2017-06-13,82.8
63201,Sri Lanka,2017-06-14,81.5
63202,Sri Lanka,2017-06-15,81.7
63203,Sri Lanka,2017-06-16,81.9
63204,Sri Lanka,2017-06-17,83.3
63205,Sri Lanka,2017-06-18,83.7
63206,Sri Lanka,2017-06-19,83.7
63207,Sri Lanka,2017-06-20,83.7
63208,Sri Lanka,2017-06-21,83.6
63209,Sri Lanka,2017-06-22,83.4
63210,Sri Lanka,2017-06-23,83.0
63211,Sri Lanka,2017-06-24,81.6
63212,Sri Lanka,2017-06-25,80.6
63213,Sri Lanka,2017-06-26,80.7
63214,Sri Lanka,2017-06-27,79.4
63215,Sri Lanka,2017-06-28,81.1
63216,Sri Lanka,2017-06-29,83.6
63217,Sri Lanka,2017-06-30,83.4
63218,Sri Lanka,2017-07-01,83.5
63219,Sri Lanka,2017-07-02,83.0
63220,Sri Lanka,2017-07-03,83.3
63221,Sri Lanka,2017-07-04,83.7
63222,Sri Lanka,2017-07-05,83.8
63223,Sri Lanka,2017-07-06,83.5
63224,Sri Lanka,2017-07-07,83.0
63225,Sri Lanka,2017-07-08,83.2
63226,Sri Lanka,2017-07-09,79.6
63227,Sri Lanka,2017-07-10,81.6
63228,Sri Lanka,2017-07-11,82.7
63229,Sri Lanka,2017-07-12,83.3
63230,Sri Lanka,2017-07-13,82.9
63231,Sri Lanka,2017-07-14,83.5
63232,Sri Lanka,2017-07-15,83.5
63233,Sri Lanka,2017-07-16,83.5
63234,Sri Lanka,2017-07-17,83.9
63235,Sri Lanka,2017-07-18,83.1
63236,Sri Lanka,2017-07-19,81.2
63237,Sri Lanka,2017-07-20,83.0
63238,Sri Lanka,2017-07-21,82.9
63239,Sri Lanka,2017-07-22,84.0
63240,Sri Lanka,2017-07-23,84.3
63241,Sri Lanka,2017-07-24,84.0
63242,Sri Lanka,2017-07-25,84.7
63243,Sri Lanka,2017-07-26,83.9
63244,Sri Lanka,2017-07-27,83.4
63245,Sri Lanka,2017-07-28,84.0
63246,Sri Lanka,2017-07-29,83.5
63247,Sri Lanka,2017-07-30,83.2
63248,Sri Lanka,2017-07-31,82.3
63249,Sri Lanka,2017-08-01,82.7
63250,Sri Lanka,2017-08-02,83.5
63251,Sri Lanka,2017-08-03,83.2
63252,Sri Lanka,2017-08-04,83.5
63253,Sri Lanka,2017-08-05,83.0
63254,Sri Lanka,2017-08-06,82.8
63255,Sri Lanka,2017-08-07,82.7
63256,Sri Lanka,2017-08-08,82.8
63257,Sri Lanka,2017-08-09,82.6
63258,Sri Lanka,2017-08-10,82.6
63259,Sri Lanka,2017-08-11,82.4
63260,Sri Lanka,2017-08-12,82.0
63261,Sri Lanka,2017-08-13,82.0
63262,Sri Lanka,2017-08-14,81.8
63263,Sri Lanka,2017-08-15,82.7
63264,Sri Lanka,2017-08-16,82.7
63265,Sri Lanka,2017-08-17,83.0
63266,Sri Lanka,2017-08-18,81.0
63267,Sri Lanka,2017-08-19,82.2
63268,Sri Lanka,2017-08-20,82.2
63269,Sri Lanka,2017-08-21,82.9
63270,Sri Lanka,2017-08-22,82.2
63271,Sri Lanka,2017-08-23,82.9
63272,Sri Lanka,2017-08-24,82.7
63273,Sri Lanka,2017-08-25,83.2
63274,Sri Lanka,2017-08-26,83.2
63275,Sri Lanka,2017-08-27,82.2
63276,Sri Lanka,2017-08-28,81.6
63277,Sri Lanka,2017-08-29,82.0
63278,Sri Lanka,2017-08-30,83.4
63279,Sri Lanka,2017-08-31,83.2
63280,Sri Lanka,2017-09-01,79.5
63281,Sri Lanka,2017-09-02,81.6
63282,Sri Lanka,2017-09-03,81.1
63283,Sri Lanka,2017-09-04,82.0
63284,Sri Lanka,2017-09-05,79.6
63285,Sri Lanka,2017-09-06,79.7
63286,Sri Lanka,2017-09-07,76.4
63287,Sri Lanka,2017-09-08,79.5
63288,Sri Lanka,2017-09-09,81.3
63289,Sri Lanka,2017-09-10,81.2
63290,Sri Lanka,2017-09-11,82.5
63291,Sri Lanka,2017-09-12,81.5
63292,Sri Lanka,2017-09-13,77.4
63293,Sri Lanka,2017-09-14,79.3
63294,Sri Lanka,2017-09-15,82.3
63295,Sri Lanka,2017-09-16,82.7
63296,Sri Lanka,2017-09-17,83.4
63297,Sri Lanka,2017-09-18,82.6
63298,Sri Lanka,2017-09-19,83.4
63299,Sri Lanka,2017-09-20,82.3
63300,Sri Lanka,2017-09-21,82.5
63301,Sri Lanka,2017-09-22,82.5
63302,Sri Lanka,2017-09-23,82.8
63303,Sri Lanka,2017-09-24,82.8
63304,Sri Lanka,2017-09-25,80.4
63305,Sri Lanka,2017-09-26,81.0
63306,Sri Lanka,2017-09-27,80.2
63307,Sri Lanka,2017-09-28,81.3
63308,Sri Lanka,2017-09-29,82.9
63309,Sri Lanka,2017-09-30,82.8
63310,Sri Lanka,2017-10-01,80.8
63311,Sri Lanka,2017-10-02,82.3
63312,Sri Lanka,2017-10-03,82.5
63313,Sri Lanka,2017-10-04,82.6
63314,Sri Lanka,2017-10-05,81.5
63315,Sri Lanka,2017-10-06,77.4
63316,Sri Lanka,2017-10-07,80.6
63317,Sri Lanka,2017-10-08,81.5
63318,Sri Lanka,2017-10-09,81.6
63319,Sri Lanka,2017-10-10,82.1
63320,Sri Lanka,2017-10-11,77.1
63321,Sri Lanka,2017-10-12,80.0
63322,Sri Lanka,2017-10-13,80.5
63323,Sri Lanka,2017-10-14,79.6
63324,Sri Lanka,2017-10-15,80.9
63325,Sri Lanka,2017-10-16,82.9
63326,Sri Lanka,2017-10-17,83.4
63327,Sri Lanka,2017-10-18,82.8
63328,Sri Lanka,2017-10-19,81.1
63329,Sri Lanka,2017-10-20,79.9
63330,Sri Lanka,2017-10-21,81.7
63331,Sri Lanka,2017-10-22,81.5
63332,Sri Lanka,2017-10-23,82.4
63333,Sri Lanka,2017-10-24,82.0
63334,Sri Lanka,2017-10-25,81.7
63335,Sri Lanka,2017-10-26,81.1
63336,Sri Lanka,2017-10-27,82.0
63337,Sri Lanka,2017-10-28,82.2
63338,Sri Lanka,2017-10-29,79.3
63339,Sri Lanka,2017-10-30,80.8
63340,Sri Lanka,2017-10-31,77.6
63341,Sri Lanka,2017-11-01,80.8
63342,Sri Lanka,2017-11-02,78.7
63343,Sri Lanka,2017-11-03,80.4
63344,Sri Lanka,2017-11-04,79.5
63345,Sri Lanka,2017-11-05,78.5
63346,Sri Lanka,2017-11-06,78.3
63347,Sri Lanka,2017-11-07,77.8
63348,Sri Lanka,2017-11-08,77.6
63349,Sri Lanka,2017-11-09,79.2
63350,Sri Lanka,2017-11-10,80.3
63351,Sri Lanka,2017-11-11,79.7
63352,Sri Lanka,2017-11-12,81.5
63353,Sri Lanka,2017-11-13,83.4
63354,Sri Lanka,2017-11-14,82.0
63355,Sri Lanka,2017-11-15,81.5
63356,Sri Lanka,2017-11-16,81.3
63357,Sri Lanka,2017-11-17,81.1
63358,Sri Lanka,2017-11-18,83.1
63359,Sri Lanka,2017-11-19,79.6
63360,Sri Lanka,2017-11-20,78.1
63361,Sri Lanka,2017-11-21,79.7
63362,Sri Lanka,2017-11-22,79.2
63363,Sri Lanka,2017-11-23,81.3
63364,Sri Lanka,2017-11-24,80.7
63365,Sri Lanka,2017-11-25,77.8
63366,Sri Lanka,2017-11-26,77.6
63367,Sri Lanka,2017-11-27,77.3
63368,Sri Lanka,2017-11-28,79.0
63369,Sri Lanka,2017-11-29,77.7
63370,Sri Lanka,2017-11-30,75.1
63371,Sri Lanka,2017-12-01,75.0
63372,Sri Lanka,2017-12-02,76.0
63373,Sri Lanka,2017-12-03,79.5
63374,Sri Lanka,2017-12-04,79.4
63375,Sri Lanka,2017-12-05,80.3
63376,Sri Lanka,2017-12-06,79.9
63377,Sri Lanka,2017-12-07,80.4
63378,Sri Lanka,2017-12-08,79.1
63379,Sri Lanka,2017-12-09,78.1
63380,Sri Lanka,2017-12-10,81.2
63381,Sri Lanka,2017-12-11,82.4
63382,Sri Lanka,2017-12-12,80.1
63383,Sri Lanka,2017-12-13,80.3
63384,Sri Lanka,2017-12-14,78.3
63385,Sri Lanka,2017-12-15,81.4
63386,Sri Lanka,2017-12-16,80.7
63387,Sri Lanka,2017-12-17,81.3
63388,Sri Lanka,2017-12-18,80.0
63389,Sri Lanka,2017-12-19,79.8
63390,Sri Lanka,2017-12-20,77.1
63391,Sri Lanka,2017-12-21,79.3
63392,Sri Lanka,2017-12-22,79.9
63393,Sri Lanka,2017-12-23,79.5
63394,Sri Lanka,2017-12-24,79.4
63395,Sri Lanka,2017-12-25,79.7
63396,Sri Lanka,2017-12-26,80.7
63397,Sri Lanka,2017-12-27,80.8
63398,Sri Lanka,2017-12-28,79.4
63399,Sri Lanka,2017-12-29,78.6
63400,Sri Lanka,2017-12-30,81.4
63401,Sri Lanka,2017-12-31,79.7
63402,Sri Lanka,2018-01-01,79.8
63403,Sri Lanka,2018-01-02,79.9
63404,Sri Lanka,2018-01-03,79.3
63405,Sri Lanka,2018-01-04,-99.0
63406,Sri Lanka,2018-01-05,77.8
63407,Sri Lanka,2018-01-06,74.4
63408,Sri Lanka,2018-01-07,76.2
63409,Sri Lanka,2018-01-08,77.4
63410,Sri Lanka,2018-01-09,79.0
63411,Sri Lanka,2018-01-10,79.5
63412,Sri Lanka,2018-01-11,79.8
63413,Sri Lanka,2018-01-12,79.1
63414,Sri Lanka,2018-01-13,80.4
63415,Sri Lanka,2018-01-14,80.4
63416,Sri Lanka,2018-01-15,74.3
63417,Sri Lanka,2018-01-16,79.0
63418,Sri Lanka,2018-01-17,80.9
63419,Sri Lanka,2018-01-18,79.2
63420,Sri Lanka,2018-01-19,78.4
63421,Sri Lanka,2018-01-20,77.5
63422,Sri Lanka,2018-01-21,78.2
63423,Sri Lanka,2018-01-22,78.0
63424,Sri Lanka,2018-01-23,78.1
63425,Sri Lanka,2018-01-24,78.1
63426,Sri Lanka,2018-01-25,78.0
63427,Sri Lanka,2018-01-26,78.0
63428,Sri Lanka,2018-01-27,80.0
63429,Sri Lanka,2018-01-28,79.1
63430,Sri Lanka,2018-01-29,81.1
63431,Sri Lanka,2018-01-30,79.8
63432,Sri Lanka,2018-01-31,79.4
63433,Sri Lanka,2018-02-01,80.1
63434,Sri Lanka,2018-02-02,79.3
63435,Sri Lanka,2018-02-03,80.3
63436,Sri Lanka,2018-02-04,80.6
63437,Sri Lanka,2018-02-05,80.8
63438,Sri Lanka,2018-02-06,80.3
63439,Sri Lanka,2018-02-07,81.3
63440,Sri Lanka,2018-02-08,79.6
63441,Sri Lanka,2018-02-09,81.0
63442,Sri Lanka,2018-02-10,79.7
63443,Sri Lanka,2018-02-11,81.1
63444,Sri Lanka,2018-02-12,82.0
63445,Sri Lanka,2018-02-13,81.5
63446,Sri Lanka,2018-02-14,81.3
63447,Sri Lanka,2018-02-15,84.2
63448,Sri Lanka,2018-02-16,82.8
63449,Sri Lanka,2018-02-17,80.8
63450,Sri Lanka,2018-02-18,77.0
63451,Sri Lanka,2018-02-19,78.6
63452,Sri Lanka,2018-02-20,80.1
63453,Sri Lanka,2018-02-21,78.5
63454,Sri Lanka,2018-02-22,78.1
63455,Sri Lanka,2018-02-23,80.6
63456,Sri Lanka,2018-02-24,83.7
63457,Sri Lanka,2018-02-25,82.2
63458,Sri Lanka,2018-02-26,79.8
63459,Sri Lanka,2018-02-27,78.3
63460,Sri Lanka,2018-02-28,80.8
63461,Sri Lanka,2018-03-01,82.4
63462,Sri Lanka,2018-03-02,82.1
63463,Sri Lanka,2018-03-03,81.3
63464,Sri Lanka,2018-03-04,82.2
63465,Sri Lanka,2018-03-05,83.0
63466,Sri Lanka,2018-03-06,81.5
63467,Sri Lanka,2018-03-07,81.4
63468,Sri Lanka,2018-03-08,83.3
63469,Sri Lanka,2018-03-09,81.5
63470,Sri Lanka,2018-03-10,81.1
63471,Sri Lanka,2018-03-11,83.0
63472,Sri Lanka,2018-03-12,78.7
63473,Sri Lanka,2018-03-13,80.3
63474,Sri Lanka,2018-03-14,83.3
63475,Sri Lanka,2018-03-15,83.4
63476,Sri Lanka,2018-03-16,83.8
63477,Sri Lanka,2018-03-17,82.5
63478,Sri Lanka,2018-03-18,83.6
63479,Sri Lanka,2018-03-19,83.2
63480,Sri Lanka,2018-03-20,83.8
63481,Sri Lanka,2018-03-21,83.7
63482,Sri Lanka,2018-03-22,84.7
63483,Sri Lanka,2018-03-23,84.6
63484,Sri Lanka,2018-03-24,83.5
63485,Sri Lanka,2018-03-25,83.3
63486,Sri Lanka,2018-03-26,81.9
63487,Sri Lanka,2018-03-27,82.2
63488,Sri Lanka,2018-03-28,82.3
63489,Sri Lanka,2018-03-29,84.0
63490,Sri Lanka,2018-03-30,84.7
63491,Sri Lanka,2018-03-31,83.6
63492,Sri Lanka,2018-04-01,82.7
63493,Sri Lanka,2018-04-02,81.5
63494,Sri Lanka,2018-04-03,82.6
63495,Sri Lanka,2018-04-04,84.1
63496,Sri Lanka,2018-04-05,83.7
63497,Sri Lanka,2018-04-06,81.5
63498,Sri Lanka,2018-04-07,80.5
63499,Sri Lanka,2018-04-08,82.3
63500,Sri Lanka,2018-04-09,79.8
63501,Sri Lanka,2018-04-10,81.1
63502,Sri Lanka,2018-04-11,80.8
63503,Sri Lanka,2018-04-12,78.6
63504,Sri Lanka,2018-04-13,78.3
63505,Sri Lanka,2018-04-14,80.3
63506,Sri Lanka,2018-04-15,82.6
63507,Sri Lanka,2018-04-16,82.5
63508,Sri Lanka,2018-04-17,82.1
63509,Sri Lanka,2018-04-18,79.0
63510,Sri Lanka,2018-04-19,82.5
63511,Sri Lanka,2018-04-20,83.0
63512,Sri Lanka,2018-04-21,83.5
63513,Sri Lanka,2018-04-22,83.5
63514,Sri Lanka,2018-04-23,84.3
63515,Sri Lanka,2018-04-24,84.8
63516,Sri Lanka,2018-04-25,82.6
63517,Sri Lanka,2018-04-26,80.9
63518,Sri Lanka,2018-04-27,82.7
63519,Sri Lanka,2018-04-28,80.9
63520,Sri Lanka,2018-04-29,82.1
63521,Sri Lanka,2018-04-30,84.7
63522,Sri Lanka,2018-05-01,86.0
63523,Sri Lanka,2018-05-02,84.0
63524,Sri Lanka,2018-05-03,83.6
63525,Sri Lanka,2018-05-04,81.4
63526,Sri Lanka,2018-05-05,82.0
63527,Sri Lanka,2018-05-06,83.0
63528,Sri Lanka,2018-05-07,82.3
63529,Sri Lanka,2018-05-08,82.8
63530,Sri Lanka,2018-05-09,80.5
63531,Sri Lanka,2018-05-10,80.5
63532,Sri Lanka,2018-05-11,82.1
63533,Sri Lanka,2018-05-12,80.5
63534,Sri Lanka,2018-05-13,81.0
63535,Sri Lanka,2018-05-14,81.4
63536,Sri Lanka,2018-05-15,82.0
63537,Sri Lanka,2018-05-16,81.4
63538,Sri Lanka,2018-05-17,78.4
63539,Sri Lanka,2018-05-18,77.2
63540,Sri Lanka,2018-05-19,81.6
63541,Sri Lanka,2018-05-20,81.3
63542,Sri Lanka,2018-05-21,79.1
63543,Sri Lanka,2018-05-22,82.9
63544,Sri Lanka,2018-05-23,76.0
63545,Sri Lanka,2018-05-24,78.1
63546,Sri Lanka,2018-05-25,78.5
63547,Sri Lanka,2018-05-26,77.5
63548,Sri Lanka,2018-05-27,80.4
63549,Sri Lanka,2018-05-28,83.2
63550,Sri Lanka,2018-05-29,83.8
63551,Sri Lanka,2018-05-30,83.8
63552,Sri Lanka,2018-05-31,83.5
63553,Sri Lanka,2018-06-01,81.3
63554,Sri Lanka,2018-06-02,82.2
63555,Sri Lanka,2018-06-03,82.0
63556,Sri Lanka,2018-06-04,82.4
63557,Sri Lanka,2018-06-05,83.2
63558,Sri Lanka,2018-06-06,82.2
63559,Sri Lanka,2018-06-07,81.6
63560,Sri Lanka,2018-06-08,83.8
63561,Sri Lanka,2018-06-09,83.6
63562,Sri Lanka,2018-06-10,83.6
63563,Sri Lanka,2018-06-11,83.5
63564,Sri Lanka,2018-06-12,83.7
63565,Sri Lanka,2018-06-13,82.7
63566,Sri Lanka,2018-06-14,81.8
63567,Sri Lanka,2018-06-15,82.0
63568,Sri Lanka,2018-06-16,77.7
63569,Sri Lanka,2018-06-17,81.6
63570,Sri Lanka,2018-06-18,82.0
63571,Sri Lanka,2018-06-19,80.8
63572,Sri Lanka,2018-06-20,81.3
63573,Sri Lanka,2018-06-21,80.1
63574,Sri Lanka,2018-06-22,81.8
63575,Sri Lanka,2018-06-23,81.0
63576,Sri Lanka,2018-06-24,81.6
63577,Sri Lanka,2018-06-25,81.6
63578,Sri Lanka,2018-06-26,82.5
63579,Sri Lanka,2018-06-27,82.2
63580,Sri Lanka,2018-06-28,82.6
63581,Sri Lanka,2018-06-29,80.9
63582,Sri Lanka,2018-06-30,82.2
63583,Sri Lanka,2018-07-01,82.6
63584,Sri Lanka,2018-07-02,82.1
63585,Sri Lanka,2018-07-03,82.0
63586,Sri Lanka,2018-07-04,83.0
63587,Sri Lanka,2018-07-05,82.9
63588,Sri Lanka,2018-07-06,82.8
63589,Sri Lanka,2018-07-07,82.8
63590,Sri Lanka,2018-07-08,82.7
63591,Sri Lanka,2018-07-09,80.7
63592,Sri Lanka,2018-07-10,80.0
63593,Sri Lanka,2018-07-11,78.3
63594,Sri Lanka,2018-07-12,81.0
63595,Sri Lanka,2018-07-13,81.6
63596,Sri Lanka,2018-07-14,81.8
63597,Sri Lanka,2018-07-15,80.0
63598,Sri Lanka,2018-07-16,79.1
63599,Sri Lanka,2018-07-17,80.5
63600,Sri Lanka,2018-07-18,80.3
63601,Sri Lanka,2018-07-19,80.6
63602,Sri Lanka,2018-07-20,81.1
63603,Sri Lanka,2018-07-21,81.5
63604,Sri Lanka,2018-07-22,81.2
63605,Sri Lanka,2018-07-23,80.7
63606,Sri Lanka,2018-07-24,80.8
63607,Sri Lanka,2018-07-25,80.6
63608,Sri Lanka,2018-07-26,80.4
63609,Sri Lanka,2018-07-27,80.7
63610,Sri Lanka,2018-07-28,80.9
63611,Sri Lanka,2018-07-29,81.2
63612,Sri Lanka,2018-07-30,80.7
63613,Sri Lanka,2018-07-31,80.9
63614,Sri Lanka,2018-08-01,79.9
63615,Sri Lanka,2018-08-02,80.9
63616,Sri Lanka,2018-08-03,81.6
63617,Sri Lanka,2018-08-04,81.3
63618,Sri Lanka,2018-08-05,81.5
63619,Sri Lanka,2018-08-06,81.4
63620,Sri Lanka,2018-08-07,80.2
63621,Sri Lanka,2018-08-08,78.4
63622,Sri Lanka,2018-08-09,79.8
63623,Sri Lanka,2018-08-10,80.6
63624,Sri Lanka,2018-08-11,80.9
63625,Sri Lanka,2018-08-12,80.7
63626,Sri Lanka,2018-08-13,81.7
63627,Sri Lanka,2018-08-14,80.7
63628,Sri Lanka,2018-08-15,78.1
63629,Sri Lanka,2018-08-16,79.8
63630,Sri Lanka,2018-08-17,79.3
63631,Sri Lanka,2018-08-18,78.5
63632,Sri Lanka,2018-08-19,78.6
63633,Sri Lanka,2018-08-20,79.4
63634,Sri Lanka,2018-08-21,79.5
63635,Sri Lanka,2018-08-22,78.5
63636,Sri Lanka,2018-08-23,79.4
63637,Sri Lanka,2018-08-24,79.1
63638,Sri Lanka,2018-08-25,79.0
63639,Sri Lanka,2018-08-26,78.5
63640,Sri Lanka,2018-08-27,80.4
63641,Sri Lanka,2018-08-28,79.6
63642,Sri Lanka,2018-08-29,79.2
63643,Sri Lanka,2018-08-30,80.0
63644,Sri Lanka,2018-08-31,80.2
63645,Sri Lanka,2018-09-01,79.2
63646,Sri Lanka,2018-09-02,79.3
63647,Sri Lanka,2018-09-03,80.0
63648,Sri Lanka,2018-09-04,80.4
63649,Sri Lanka,2018-09-05,80.9
63650,Sri Lanka,2018-09-06,82.2
63651,Sri Lanka,2018-09-07,82.5
63652,Sri Lanka,2018-09-08,81.6
63653,Sri Lanka,2018-09-09,81.7
63654,Sri Lanka,2018-09-10,81.9
63655,Sri Lanka,2018-09-11,82.0
63656,Sri Lanka,2018-09-12,82.7
63657,Sri Lanka,2018-09-13,82.2
63658,Sri Lanka,2018-09-14,82.4
63659,Sri Lanka,2018-09-15,83.0
63660,Sri Lanka,2018-09-16,83.9
63661,Sri Lanka,2018-09-17,-99.0
63662,Sri Lanka,2018-09-18,82.6
63663,Sri Lanka,2018-09-19,83.9
63664,Sri Lanka,2018-09-20,81.8
63665,Sri Lanka,2018-09-21,79.8
63666,Sri Lanka,2018-09-22,81.5
63667,Sri Lanka,2018-09-23,82.5
63668,Sri Lanka,2018-09-24,-99.0
63669,Sri Lanka,2018-09-25,80.3
63670,Sri Lanka,2018-09-26,81.4
63671,Sri Lanka,2018-09-27,80.9
63672,Sri Lanka,2018-09-28,79.6
63673,Sri Lanka,2018-09-29,79.4
63674,Sri Lanka,2018-09-30,79.2
63675,Sri Lanka,2018-10-01,79.4
63676,Sri Lanka,2018-10-02,78.7
63677,Sri Lanka,2018-10-03,78.9
63678,Sri Lanka,2018-10-04,80.5
63679,Sri Lanka,2018-10-05,80.1
63680,Sri Lanka,2018-10-06,77.5
63681,Sri Lanka,2018-10-07,79.2
63682,Sri Lanka,2018-10-08,76.7
63683,Sri Lanka,2018-10-09,76.5
63684,Sri Lanka,2018-10-10,80.8
63685,Sri Lanka,2018-10-11,79.3
63686,Sri Lanka,2018-10-12,80.2
63687,Sri Lanka,2018-10-13,79.6
63688,Sri Lanka,2018-10-14,80.5
63689,Sri Lanka,2018-10-15,81.9
63690,Sri Lanka,2018-10-16,78.0
63691,Sri Lanka,2018-10-17,78.0
63692,Sri Lanka,2018-10-18,81.4
63693,Sri Lanka,2018-10-19,81.8
63694,Sri Lanka,2018-10-20,78.3
63695,Sri Lanka,2018-10-21,80.8
63696,Sri Lanka,2018-10-22,81.2
63697,Sri Lanka,2018-10-23,79.8
63698,Sri Lanka,2018-10-24,78.8
63699,Sri Lanka,2018-10-25,78.0
63700,Sri Lanka,2018-10-26,78.8
63701,Sri Lanka,2018-10-27,79.8
63702,Sri Lanka,2018-10-28,80.1
63703,Sri Lanka,2018-10-29,80.9
63704,Sri Lanka,2018-10-30,82.5
63705,Sri Lanka,2018-10-31,81.9
63706,Sri Lanka,2018-11-01,77.4
63707,Sri Lanka,2018-11-02,79.5
63708,Sri Lanka,2018-11-03,79.2
63709,Sri Lanka,2018-11-04,82.1
63710,Sri Lanka,2018-11-05,76.2
63711,Sri Lanka,2018-11-06,73.8
63712,Sri Lanka,2018-11-07,77.9
63713,Sri Lanka,2018-11-08,77.9
63714,Sri Lanka,2018-11-09,76.8
63715,Sri Lanka,2018-11-10,80.1
63716,Sri Lanka,2018-11-11,79.5
63717,Sri Lanka,2018-11-12,80.0
63718,Sri Lanka,2018-11-13,80.7
63719,Sri Lanka,2018-11-14,-99.0
63720,Sri Lanka,2018-11-15,-99.0
63721,Sri Lanka,2018-11-16,83.6
63722,Sri Lanka,2018-11-17,-99.0
63723,Sri Lanka,2018-11-18,79.2
63724,Sri Lanka,2018-11-19,79.7
63725,Sri Lanka,2018-11-20,78.0
63726,Sri Lanka,2018-11-21,80.7
63727,Sri Lanka,2018-11-22,81.0
63728,Sri Lanka,2018-11-23,79.7
63729,Sri Lanka,2018-11-24,78.5
63730,Sri Lanka,2018-11-25,79.0
63731,Sri Lanka,2018-11-26,79.9
63732,Sri Lanka,2018-11-27,80.5
63733,Sri Lanka,2018-11-28,78.9
63734,Sri Lanka,2018-11-29,79.0
63735,Sri Lanka,2018-11-30,80.1
63736,Sri Lanka,2018-12-01,80.1
63737,Sri Lanka,2018-12-02,81.3
63738,Sri Lanka,2018-12-03,80.0
63739,Sri Lanka,2018-12-04,79.8
63740,Sri Lanka,2018-12-05,80.5
63741,Sri Lanka,2018-12-06,79.8
63742,Sri Lanka,2018-12-07,80.5
63743,Sri Lanka,2018-12-08,81.8
63744,Sri Lanka,2018-12-09,79.6
63745,Sri Lanka,2018-12-10,79.1
63746,Sri Lanka,2018-12-11,78.5
63747,Sri Lanka,2018-12-12,78.7
63748,Sri Lanka,2018-12-13,78.1
63749,Sri Lanka,2018-12-14,79.1
63750,Sri Lanka,2018-12-15,78.5
63751,Sri Lanka,2018-12-16,77.9
63752,Sri Lanka,2018-12-17,78.7
63753,Sri Lanka,2018-12-18,79.4
63754,Sri Lanka,2018-12-19,80.6
63755,Sri Lanka,2018-12-20,80.6
63756,Sri Lanka,2018-12-21,77.9
63757,Sri Lanka,2018-12-22,76.5
63758,Sri Lanka,2018-12-23,78.9
63759,Sri Lanka,2018-12-24,77.9
63760,Sri Lanka,2018-12-25,78.9
63761,Sri Lanka,2018-12-26,78.7
63762,Sri Lanka,2018-12-27,79.7
63763,Sri Lanka,2018-12-28,79.6
63764,Sri Lanka,2018-12-29,79.6
63765,Sri Lanka,2018-12-30,79.6
63766,Sri Lanka,2018-12-31,78.2
63767,Sri Lanka,2019-01-01,79.1
63768,Sri Lanka,2019-01-02,78.4
63769,Sri Lanka,2019-01-03,78.1
63770,Sri Lanka,2019-01-04,79.0
63771,Sri Lanka,2019-01-05,79.5
63772,Sri Lanka,2019-01-06,79.2
63773,Sri Lanka,2019-01-07,79.0
63774,Sri Lanka,2019-01-08,80.5
63775,Sri Lanka,2019-01-09,81.4
63776,Sri Lanka,2019-01-10,81.3
63777,Sri Lanka,2019-01-11,80.6
63778,Sri Lanka,2019-01-12,80.6
63779,Sri Lanka,2019-01-13,80.5
63780,Sri Lanka,2019-01-14,80.2
63781,Sri Lanka,2019-01-15,81.8
63782,Sri Lanka,2019-01-16,80.7
63783,Sri Lanka,2019-01-17,79.8
63784,Sri Lanka,2019-01-18,78.3
63785,Sri Lanka,2019-01-19,76.5
63786,Sri Lanka,2019-01-20,78.2
63787,Sri Lanka,2019-01-21,78.0
63788,Sri Lanka,2019-01-22,78.9
63789,Sri Lanka,2019-01-23,-99.0
63790,Sri Lanka,2019-01-24,80.4
63791,Sri Lanka,2019-01-25,81.2
63792,Sri Lanka,2019-01-26,80.5
63793,Sri Lanka,2019-01-27,80.4
63794,Sri Lanka,2019-01-28,79.6
63795,Sri Lanka,2019-01-29,80.8
63796,Sri Lanka,2019-01-30,82.9
63797,Sri Lanka,2019-01-31,82.6
63798,Sri Lanka,2019-02-01,80.6
63799,Sri Lanka,2019-02-02,81.4
63800,Sri Lanka,2019-02-03,83.0
63801,Sri Lanka,2019-02-04,81.5
63802,Sri Lanka,2019-02-05,80.7
63803,Sri Lanka,2019-02-06,81.0
63804,Sri Lanka,2019-02-07,82.2
63805,Sri Lanka,2019-02-08,81.4
63806,Sri Lanka,2019-02-09,79.0
63807,Sri Lanka,2019-02-10,81.2
63808,Sri Lanka,2019-02-11,84.5
63809,Sri Lanka,2019-02-12,83.0
63810,Sri Lanka,2019-02-13,83.8
63811,Sri Lanka,2019-02-14,83.4
63812,Sri Lanka,2019-02-15,82.2
63813,Sri Lanka,2019-02-16,80.1
63814,Sri Lanka,2019-02-17,81.7
63815,Sri Lanka,2019-02-18,82.6
63816,Sri Lanka,2019-02-19,82.9
63817,Sri Lanka,2019-02-20,83.3
63818,Sri Lanka,2019-02-21,83.6
63819,Sri Lanka,2019-02-22,82.8
63820,Sri Lanka,2019-02-23,80.1
63821,Sri Lanka,2019-02-24,81.4
63822,Sri Lanka,2019-02-25,83.3
63823,Sri Lanka,2019-02-26,83.4
63824,Sri Lanka,2019-02-27,82.4
63825,Sri Lanka,2019-02-28,81.4
63826,Sri Lanka,2019-03-01,81.3
63827,Sri Lanka,2019-03-02,82.7
63828,Sri Lanka,2019-03-03,83.0
63829,Sri Lanka,2019-03-04,82.0
63830,Sri Lanka,2019-03-05,83.2
63831,Sri Lanka,2019-03-06,83.4
63832,Sri Lanka,2019-03-07,82.9
63833,Sri Lanka,2019-03-08,83.5
63834,Sri Lanka,2019-03-09,82.9
63835,Sri Lanka,2019-03-10,83.6
63836,Sri Lanka,2019-03-11,81.8
63837,Sri Lanka,2019-03-12,82.4
63838,Sri Lanka,2019-03-13,82.2
63839,Sri Lanka,2019-03-14,83.8
63840,Sri Lanka,2019-03-15,83.7
63841,Sri Lanka,2019-03-16,84.7
63842,Sri Lanka,2019-03-17,81.5
63843,Sri Lanka,2019-03-18,80.8
63844,Sri Lanka,2019-03-19,82.8
63845,Sri Lanka,2019-03-20,84.5
63846,Sri Lanka,2019-03-21,82.2
63847,Sri Lanka,2019-03-22,84.2
63848,Sri Lanka,2019-03-23,82.6
63849,Sri Lanka,2019-03-24,83.8
63850,Sri Lanka,2019-03-25,82.7
63851,Sri Lanka,2019-03-26,84.1
63852,Sri Lanka,2019-03-27,83.4
63853,Sri Lanka,2019-03-28,83.3
63854,Sri Lanka,2019-03-29,83.4
63855,Sri Lanka,2019-03-30,83.8
63856,Sri Lanka,2019-03-31,83.8
63857,Sri Lanka,2019-04-01,83.1
63858,Sri Lanka,2019-04-02,83.5
63859,Sri Lanka,2019-04-03,84.1
63860,Sri Lanka,2019-04-04,84.4
63861,Sri Lanka,2019-04-05,84.5
63862,Sri Lanka,2019-04-06,84.8
63863,Sri Lanka,2019-04-07,85.1
63864,Sri Lanka,2019-04-08,85.5
63865,Sri Lanka,2019-04-09,84.5
63866,Sri Lanka,2019-04-10,85.4
63867,Sri Lanka,2019-04-11,84.5
63868,Sri Lanka,2019-04-12,85.3
63869,Sri Lanka,2019-04-13,84.0
63870,Sri Lanka,2019-04-14,84.8
63871,Sri Lanka,2019-04-15,83.6
63872,Sri Lanka,2019-04-16,81.3
63873,Sri Lanka,2019-04-17,79.7
63874,Sri Lanka,2019-04-18,80.8
63875,Sri Lanka,2019-04-19,81.6
63876,Sri Lanka,2019-04-20,80.5
63877,Sri Lanka,2019-04-21,81.5
63878,Sri Lanka,2019-04-22,82.7
63879,Sri Lanka,2019-04-23,83.1
63880,Sri Lanka,2019-04-24,-99.0
63881,Sri Lanka,2019-04-25,81.3
63882,Sri Lanka,2019-04-26,83.2
63883,Sri Lanka,2019-04-27,84.7
63884,Sri Lanka,2019-04-28,84.5
63885,Sri Lanka,2019-04-29,81.2
63886,Sri Lanka,2019-04-30,83.4
63887,Sri Lanka,2019-05-01,85.3
63888,Sri Lanka,2019-05-02,84.6
63889,Sri Lanka,2019-05-03,81.3
63890,Sri Lanka,2019-05-04,85.0
63891,Sri Lanka,2019-05-05,83.9
63892,Sri Lanka,2019-05-06,84.3
63893,Sri Lanka,2019-05-07,85.2
63894,Sri Lanka,2019-05-08,85.6
63895,Sri Lanka,2019-05-09,85.4
63896,Sri Lanka,2019-05-10,85.8
63897,Sri Lanka,2019-05-11,84.9
63898,Sri Lanka,2019-05-12,85.5
63899,Sri Lanka,2019-05-13,85.8
63900,Sri Lanka,2019-05-14,85.5
63901,Sri Lanka,2019-05-15,85.7
63902,Sri Lanka,2019-05-16,-99.0
63903,Sri Lanka,2019-05-17,-99.0
63904,Sri Lanka,2019-05-18,-99.0
63905,Sri Lanka,2019-05-19,-99.0
63906,Sri Lanka,2019-05-20,85.1
63907,Sri Lanka,2019-05-21,84.5
63908,Sri Lanka,2019-05-22,82.4
63909,Sri Lanka,2019-05-23,83.2
63910,Sri Lanka,2019-05-24,81.5
63911,Sri Lanka,2019-05-25,81.4
63912,Sri Lanka,2019-05-26,84.1
63913,Sri Lanka,2019-05-27,85.4
63914,Sri Lanka,2019-05-28,86.1
63915,Sri Lanka,2019-05-29,85.0
63916,Sri Lanka,2019-05-30,84.9
63917,Sri Lanka,2019-05-31,83.6
63918,Sri Lanka,2019-06-01,84.6
63919,Sri Lanka,2019-06-02,85.1
63920,Sri Lanka,2019-06-03,82.8
63921,Sri Lanka,2019-06-04,82.6
63922,Sri Lanka,2019-06-05,83.1
63923,Sri Lanka,2019-06-06,84.4
63924,Sri Lanka,2019-06-07,82.2
63925,Sri Lanka,2019-06-08,83.4
63926,Sri Lanka,2019-06-09,81.4
63927,Sri Lanka,2019-06-10,80.0
63928,Sri Lanka,2019-06-11,81.6
63929,Sri Lanka,2019-06-12,81.5
63930,Sri Lanka,2019-06-13,81.6
63931,Sri Lanka,2019-06-14,81.4
63932,Sri Lanka,2019-06-15,84.8
63933,Sri Lanka,2019-06-16,85.1
63934,Sri Lanka,2019-06-17,85.3
63935,Sri Lanka,2019-06-18,85.8
63936,Sri Lanka,2019-06-19,85.9
63937,Sri Lanka,2019-06-20,85.6
63938,Sri Lanka,2019-06-21,84.6
63939,Sri Lanka,2019-06-22,84.5
63940,Sri Lanka,2019-06-23,84.3
63941,Sri Lanka,2019-06-24,85.5
63942,Sri Lanka,2019-06-25,85.4
63943,Sri Lanka,2019-06-26,85.0
63944,Sri Lanka,2019-06-27,85.4
63945,Sri Lanka,2019-06-28,85.5
63946,Sri Lanka,2019-06-29,85.5
63947,Sri Lanka,2019-06-30,85.4
63948,Sri Lanka,2019-07-01,85.4
63949,Sri Lanka,2019-07-02,84.0
63950,Sri Lanka,2019-07-03,83.7
63951,Sri Lanka,2019-07-04,84.2
63952,Sri Lanka,2019-07-05,84.4
63953,Sri Lanka,2019-07-06,84.5
63954,Sri Lanka,2019-07-07,84.0
63955,Sri Lanka,2019-07-08,84.7
63956,Sri Lanka,2019-07-09,78.3
63957,Sri Lanka,2019-07-10,80.6
63958,Sri Lanka,2019-07-11,82.7
63959,Sri Lanka,2019-07-12,83.9
63960,Sri Lanka,2019-07-13,80.6
63961,Sri Lanka,2019-07-14,80.0
63962,Sri Lanka,2019-07-15,83.3
63963,Sri Lanka,2019-07-16,84.3
63964,Sri Lanka,2019-07-17,83.6
63965,Sri Lanka,2019-07-18,82.2
63966,Sri Lanka,2019-07-19,82.9
63967,Sri Lanka,2019-07-20,82.8
63968,Sri Lanka,2019-07-21,83.2
63969,Sri Lanka,2019-07-22,83.5
63970,Sri Lanka,2019-07-23,82.5
63971,Sri Lanka,2019-07-24,82.4
63972,Sri Lanka,2019-07-25,82.7
63973,Sri Lanka,2019-07-26,81.2
63974,Sri Lanka,2019-07-27,82.2
63975,Sri Lanka,2019-07-28,82.5
63976,Sri Lanka,2019-07-29,82.5
63977,Sri Lanka,2019-07-30,82.7
63978,Sri Lanka,2019-07-31,82.9
63979,Sri Lanka,2019-08-01,83.9
63980,Sri Lanka,2019-08-02,84.7
63981,Sri Lanka,2019-08-03,83.9
63982,Sri Lanka,2019-08-04,84.0
63983,Sri Lanka,2019-08-05,84.2
63984,Sri Lanka,2019-08-06,84.5
63985,Sri Lanka,2019-08-07,83.2
63986,Sri Lanka,2019-08-08,80.8
63987,Sri Lanka,2019-08-09,78.9
63988,Sri Lanka,2019-08-10,79.7
63989,Sri Lanka,2019-08-11,82.6
63990,Sri Lanka,2019-08-12,83.1
63991,Sri Lanka,2019-08-13,81.7
63992,Sri Lanka,2019-08-14,82.4
63993,Sri Lanka,2019-08-15,83.0
63994,Sri Lanka,2019-08-16,82.1
63995,Sri Lanka,2019-08-17,81.8
63996,Sri Lanka,2019-08-18,82.9
63997,Sri Lanka,2019-08-19,81.6
63998,Sri Lanka,2019-08-20,82.4
63999,Sri Lanka,2019-08-21,82.8
64000,Sri Lanka,2019-08-22,80.1
64001,Sri Lanka,2019-08-23,78.3
64002,Sri Lanka,2019-08-24,81.6
64003,Sri Lanka,2019-08-25,81.3
64004,Sri Lanka,2019-08-26,79.6
64005,Sri Lanka,2019-08-27,80.7
64006,Sri Lanka,2019-08-28,81.4
64007,Sri Lanka,2019-08-29,82.3
64008,Sri Lanka,2019-08-30,82.5
64009,Sri Lanka,2019-08-31,83.0
64010,Sri Lanka,2019-09-01,81.2
64011,Sri Lanka,2019-09-02,83.0
64012,Sri Lanka,2019-09-03,83.4
64013,Sri Lanka,2019-09-04,82.7
64014,Sri Lanka,2019-09-05,81.7
64015,Sri Lanka,2019-09-06,83.4
64016,Sri Lanka,2019-09-07,84.5
64017,Sri Lanka,2019-09-08,84.6
64018,Sri Lanka,2019-09-09,84.7
64019,Sri Lanka,2019-09-10,84.6
64020,Sri Lanka,2019-09-11,80.0
64021,Sri Lanka,2019-09-12,77.8
64022,Sri Lanka,2019-09-13,81.5
64023,Sri Lanka,2019-09-14,81.6
64024,Sri Lanka,2019-09-15,78.4
64025,Sri Lanka,2019-09-16,78.4
64026,Sri Lanka,2019-09-17,81.7
64027,Sri Lanka,2019-09-18,81.4
64028,Sri Lanka,2019-09-19,79.6
64029,Sri Lanka,2019-09-20,80.0
64030,Sri Lanka,2019-09-21,80.5
64031,Sri Lanka,2019-09-22,81.4
64032,Sri Lanka,2019-09-23,78.8
64033,Sri Lanka,2019-09-24,75.5
64034,Sri Lanka,2019-09-25,75.2
64035,Sri Lanka,2019-09-26,81.3
64036,Sri Lanka,2019-09-27,80.0
64037,Sri Lanka,2019-09-28,77.2
64038,Sri Lanka,2019-09-29,78.2
64039,Sri Lanka,2019-09-30,78.9
64040,Sri Lanka,2019-10-01,79.1
64041,Sri Lanka,2019-10-02,81.5
64042,Sri Lanka,2019-10-03,80.2
64043,Sri Lanka,2019-10-04,81.6
64044,Sri Lanka,2019-10-05,80.5
64045,Sri Lanka,2019-10-06,77.9
64046,Sri Lanka,2019-10-07,79.9
64047,Sri Lanka,2019-10-08,80.6
64048,Sri Lanka,2019-10-09,81.2
64049,Sri Lanka,2019-10-10,81.3
64050,Sri Lanka,2019-10-11,78.4
64051,Sri Lanka,2019-10-12,79.5
64052,Sri Lanka,2019-10-13,80.8
64053,Sri Lanka,2019-10-14,81.0
64054,Sri Lanka,2019-10-15,79.7
64055,Sri Lanka,2019-10-16,78.4
64056,Sri Lanka,2019-10-17,80.3
64057,Sri Lanka,2019-10-18,80.7
64058,Sri Lanka,2019-10-19,79.3
64059,Sri Lanka,2019-10-20,79.1
64060,Sri Lanka,2019-10-21,77.2
64061,Sri Lanka,2019-10-22,78.0
64062,Sri Lanka,2019-10-23,79.7
64063,Sri Lanka,2019-10-24,76.5
64064,Sri Lanka,2019-10-25,79.7
64065,Sri Lanka,2019-10-26,79.6
64066,Sri Lanka,2019-10-27,78.3
64067,Sri Lanka,2019-10-28,77.3
64068,Sri Lanka,2019-10-29,79.3
64069,Sri Lanka,2019-10-30,79.3
64070,Sri Lanka,2019-10-31,79.1
64071,Sri Lanka,2019-11-01,81.4
64072,Sri Lanka,2019-11-02,80.0
64073,Sri Lanka,2019-11-03,78.5
64074,Sri Lanka,2019-11-04,81.3
64075,Sri Lanka,2019-11-05,81.4
64076,Sri Lanka,2019-11-06,82.5
64077,Sri Lanka,2019-11-07,83.0
64078,Sri Lanka,2019-11-08,82.2
64079,Sri Lanka,2019-11-09,78.9
64080,Sri Lanka,2019-11-10,80.8
64081,Sri Lanka,2019-11-11,80.8
64082,Sri Lanka,2019-11-12,81.1
64083,Sri Lanka,2019-11-13,81.2
64084,Sri Lanka,2019-11-14,82.8
64085,Sri Lanka,2019-11-15,79.8
64086,Sri Lanka,2019-11-16,79.0
64087,Sri Lanka,2019-11-17,81.5
64088,Sri Lanka,2019-11-18,80.6
64089,Sri Lanka,2019-11-19,79.9
64090,Sri Lanka,2019-11-20,80.2
64091,Sri Lanka,2019-11-21,80.9
64092,Sri Lanka,2019-11-22,80.4
64093,Sri Lanka,2019-11-23,79.4
64094,Sri Lanka,2019-11-24,80.2
64095,Sri Lanka,2019-11-25,78.4
64096,Sri Lanka,2019-11-26,80.0
64097,Sri Lanka,2019-11-27,80.8
64098,Sri Lanka,2019-11-28,81.3
64099,Sri Lanka,2019-11-29,78.5
64100,Sri Lanka,2019-11-30,77.8
64101,Sri Lanka,2019-12-01,79.5
64102,Sri Lanka,2019-12-02,80.2
64103,Sri Lanka,2019-12-03,80.9
64104,Sri Lanka,2019-12-04,78.6
64105,Sri Lanka,2019-12-05,77.7
64106,Sri Lanka,2019-12-06,80.8
64107,Sri Lanka,2019-12-07,79.8
64108,Sri Lanka,2019-12-08,81.2
64109,Sri Lanka,2019-12-09,80.4
64110,Sri Lanka,2019-12-10,80.0
64111,Sri Lanka,2019-12-11,80.1
64112,Sri Lanka,2019-12-12,80.8
64113,Sri Lanka,2019-12-13,80.2
64114,Sri Lanka,2019-12-14,80.5
64115,Sri Lanka,2019-12-15,81.0
64116,Sri Lanka,2019-12-16,79.8
64117,Sri Lanka,2019-12-17,79.1
64118,Sri Lanka,2019-12-18,80.2
64119,Sri Lanka,2019-12-19,79.9
64120,Sri Lanka,2019-12-20,75.8
64121,Sri Lanka,2019-12-21,80.7
64122,Sri Lanka,2019-12-22,80.0
64123,Sri Lanka,2019-12-23,80.8
64124,Sri Lanka,2019-12-24,80.9
64125,Sri Lanka,2019-12-25,79.1
64126,Sri Lanka,2019-12-26,80.0
64127,Sri Lanka,2019-12-27,80.5
64128,Sri Lanka,2019-12-28,80.1
64129,Sri Lanka,2019-12-29,80.4
64130,Sri Lanka,2019-12-30,81.2
64131,Sri Lanka,2019-12-31,80.8
64132,Sri Lanka,2020-01-01,81.0
64133,Sri Lanka,2020-01-02,81.5
64134,Sri Lanka,2020-01-03,82.1
64135,Sri Lanka,2020-01-04,82.4
64136,Sri Lanka,2020-01-05,81.8
64137,Sri Lanka,2020-01-06,83.1
64138,Sri Lanka,2020-01-07,83.0
64139,Sri Lanka,2020-01-08,81.1
64140,Sri Lanka,2020-01-09,80.2
64141,Sri Lanka,2020-01-10,79.4
64142,Sri Lanka,2020-01-11,81.0
64143,Sri Lanka,2020-01-12,81.6
64144,Sri Lanka,2020-01-13,80.6
64145,Sri Lanka,2020-01-14,78.3
64146,Sri Lanka,2020-01-15,78.5
64147,Sri Lanka,2020-01-16,79.4
64148,Sri Lanka,2020-01-17,81.1
64149,Sri Lanka,2020-01-18,82.1
64150,Sri Lanka,2020-01-19,82.2
64151,Sri Lanka,2020-01-20,84.1
64152,Sri Lanka,2020-01-21,83.5
64153,Sri Lanka,2020-01-22,82.1
64154,Sri Lanka,2020-01-23,83.7
64155,Sri Lanka,2020-01-24,83.8
64156,Sri Lanka,2020-01-25,82.6
64157,Sri Lanka,2020-01-26,81.1
64158,Sri Lanka,2020-01-27,80.7
64159,Sri Lanka,2020-01-28,79.8
64160,Sri Lanka,2020-01-29,80.8
64161,Sri Lanka,2020-01-30,81.4
64162,Sri Lanka,2020-01-31,81.9
64163,Sri Lanka,2020-02-01,82.3
64164,Sri Lanka,2020-02-02,81.0
64165,Sri Lanka,2020-02-03,81.4
64166,Sri Lanka,2020-02-04,82.4
64167,Sri Lanka,2020-02-05,81.7
64168,Sri Lanka,2020-02-06,81.2
64169,Sri Lanka,2020-02-07,80.1
64170,Sri Lanka,2020-02-08,80.8
64171,Sri Lanka,2020-02-09,81.6
64172,Sri Lanka,2020-02-10,83.1
64173,Sri Lanka,2020-02-11,84.1
64174,Sri Lanka,2020-02-12,84.3
64175,Sri Lanka,2020-02-13,84.8
64176,Sri Lanka,2020-02-14,83.0
64177,Sri Lanka,2020-02-15,83.0
64178,Sri Lanka,2020-02-16,83.6
64179,Sri Lanka,2020-02-17,83.7
64180,Sri Lanka,2020-02-18,81.2
64181,Sri Lanka,2020-02-19,81.2
64182,Sri Lanka,2020-02-20,84.6
64183,Sri Lanka,2020-02-21,85.1
64184,Sri Lanka,2020-02-22,85.6
64185,Sri Lanka,2020-02-23,86.3
64186,Sri Lanka,2020-02-24,83.5
64187,Sri Lanka,2020-02-25,83.2
64188,Sri Lanka,2020-02-26,84.1
64189,Sri Lanka,2020-02-27,84.8
64190,Sri Lanka,2020-02-28,85.6
64191,Sri Lanka,2020-02-29,83.7
64192,Sri Lanka,2020-03-01,82.8
64193,Sri Lanka,2020-03-02,82.1
64194,Sri Lanka,2020-03-03,81.8
64195,Sri Lanka,2020-03-04,81.9
64196,Sri Lanka,2020-03-05,83.4
64197,Sri Lanka,2020-03-06,83.6
64198,Sri Lanka,2020-03-07,82.6
64199,Sri Lanka,2020-03-08,83.0
64200,Sri Lanka,2020-03-09,84.6
64201,Sri Lanka,2020-03-10,84.2
64202,Sri Lanka,2020-03-11,83.2
64203,Sri Lanka,2020-03-12,85.2
64204,Sri Lanka,2020-03-13,83.3
64205,Sri Lanka,2020-03-14,81.7
64206,Sri Lanka,2020-03-15,83.5
64207,Sri Lanka,2020-03-16,83.4
64208,Sri Lanka,2020-03-17,81.2
64209,Sri Lanka,2020-03-18,83.1
64210,Sri Lanka,2020-03-19,84.3
64211,Sri Lanka,2020-03-20,82.2
64212,Sri Lanka,2020-03-21,83.2
64213,Sri Lanka,2020-03-22,83.4
64214,Sri Lanka,2020-03-23,83.5
64215,Sri Lanka,2020-03-24,83.9
64216,Sri Lanka,2020-03-25,83.6
64217,Sri Lanka,2020-03-26,82.7
64218,Sri Lanka,2020-03-27,83.2
64219,Sri Lanka,2020-03-28,84.4
64220,Sri Lanka,2020-03-29,84.8
64221,Sri Lanka,2020-03-30,83.8
64222,Sri Lanka,2020-03-31,83.8
64223,Sri Lanka,2020-04-01,82.3
64224,Sri Lanka,2020-04-02,83.4
64225,Sri Lanka,2020-04-03,83.9
64226,Sri Lanka,2020-04-04,82.5
64227,Sri Lanka,2020-04-05,84.4
64228,Sri Lanka,2020-04-06,85.7
64229,Sri Lanka,2020-04-07,85.5
64230,Sri Lanka,2020-04-08,85.5
64231,Sri Lanka,2020-04-09,84.5
64232,Sri Lanka,2020-04-10,84.5
64233,Sri Lanka,2020-04-11,85.4
64234,Sri Lanka,2020-04-12,84.0
64235,Sri Lanka,2020-04-13,83.1
64236,Sri Lanka,2020-04-14,82.0
64237,Sri Lanka,2020-04-15,81.1
64238,Sri Lanka,2020-04-16,83.9
64239,Sri Lanka,2020-04-17,83.9
64240,Sri Lanka,2020-04-18,84.4
64241,Sri Lanka,2020-04-19,83.1
64242,Sri Lanka,2020-04-20,85.4
64243,Sri Lanka,2020-04-21,84.7
64244,Sri Lanka,2020-04-22,82.4
64245,Sri Lanka,2020-04-23,83.1
64246,Sri Lanka,2020-04-24,83.5
64247,Sri Lanka,2020-04-25,84.7
64248,Sri Lanka,2020-04-26,85.5
64249,Sri Lanka,2020-04-27,86.9
64250,Sri Lanka,2020-04-28,86.1
64251,Sri Lanka,2020-04-29,85.7
64252,Sri Lanka,2020-04-30,85.6
64253,Sri Lanka,2020-05-01,85.6
64254,Sri Lanka,2020-05-02,86.9
64255,Sri Lanka,2020-05-03,86.1
64256,Sri Lanka,2020-05-04,85.4
64257,Sri Lanka,2020-05-05,85.1
64258,Sri Lanka,2020-05-06,83.5
64259,Sri Lanka,2020-05-07,85.7
64260,Sri Lanka,2020-05-08,84.2
64261,Sri Lanka,2020-05-09,85.2
64262,Sri Lanka,2020-05-10,84.0
64263,Sri Lanka,2020-05-11,81.9
64264,Sri Lanka,2020-05-12,84.2
64265,Sri Lanka,2020-05-13,79.2
